pmid,pub_title,pub_year,pub_doi,strategies,n_strategies,first_query,abstract_id
36206795,Variation of outcome reporting in studies of interventions for heavy menstrual bleeding: a systematic review,2022,10.52054/fvvo.14.3.030,doi_chain_cited_by,1,doi_chain:10.52054/fvvo.14.3.030,AAGL2012_002
32282526,Predictors for Pelvic Organ Prolapse Recurrence After Sacrocolpopexy: A Matched Case-Control Study,2020,10.1097/spv.0000000000000874,doi_chain_cited_by,1,doi_chain:10.1097/spv.0000000000000874,AAGL2012_007
32146522,Does concurrent posterior repair for an asymptomatic rectocele reduce the risk of surgical failure in patients undergoing sacrocolpopexy?,2020,10.1007/s00192-020-04268-7,doi_chain_cited_by,1,doi_chain:10.1007/s00192-020-04268-7,AAGL2012_007
28718162,Robotic Sacrocolpopexy—Is It the Treatment of Choice for Advanced Apical Pelvic Organ Prolapse?,2017,10.1007/s11934-017-0715-6,doi_chain_cited_by,1,doi_chain:10.1007/s11934-017-0715-6,AAGL2012_007
34665167,Diez pasos para una histerectomía total por laparoscopia segura y reproducible,2021,10.24875/ciru.20000845,doi_chain_cited_by,1,doi_chain:10.24875/ciru.20000845,AAGL2012_011
28731958,Pain Catastrophizing and Pain Health-Related Quality-of-Life in Endometriosis,2017,10.1097/ajp.0000000000000539,doi_chain_cited_by,1,doi_chain:10.1097/ajp.0000000000000539,AAGL2012_022
25221343,Standardised Registration of Surgical Complications in Laparoscopic-Gynaecological Therapeutic Procedures Using the Clavien-Dindo Classification,2014,10.1055/s-0034-1382925,doi_chain_cited_by,1,doi_chain:10.1055/s-0034-1382925,AAGL2012_033
26930463,Intraoperative frozen section analysis for the diagnosis of early stage ovarian cancer in suspicious pelvic masses,2016,10.1002/14651858.cd010360.pub2,doi_chain_cited_by,1,doi_chain:10.1002/14651858.cd010360.pub2,AAGL2012_036
31223225,Systemic Laparoscopic Para-Aortic Lymphadenectomy to the Left Renal Vein,2019,10.4293/jsls.2018.00110,doi_chain_cited_by,1,doi_chain:10.4293/jsls.2018.00110,AAGL2012_037
24592108,"Evaluation of mean platelet volume, neutrophil/lymphocyte ratio and platelet/lymphocyte ratio in advanced stage endometriosis with endometrioma",2013,10.5152/jtgga.2013.55452,doi_chain_cited_by,1,doi_chain:10.5152/jtgga.2013.55452,AAGL2012_039
35956000,Anemia-Associated Platelets and Plasma Prothrombin Time Increase in Patients with Adenomyosis,2022,10.3390/jcm11154382,doi_chain_cited_by,1,doi_chain:10.3390/jcm11154382,AAGL2012_039
26829393,Role of Platelet Parameters on Sudden Sensorineural Hearing Loss: A Case-Control Study in Iran,2016,10.1371/journal.pone.0148149,doi_chain_cited_by,1,doi_chain:10.1371/journal.pone.0148149,AAGL2012_039
36291343,"Adenomyosis-Associated Ischemic Stroke: Pathophysiology, Detection and Management",2022,10.3390/brainsci12101410,doi_chain_cited_by,1,doi_chain:10.3390/brainsci12101410,AAGL2012_039
32502120,"The relationship between C-reactive protein, carbohydrate antigen 125, and hematological parameters to endometriotic nodule localization in pelvis",2020,10.1097/jcma.0000000000000307,doi_chain_cited_by,1,doi_chain:10.1097/jcma.0000000000000307,AAGL2012_039
33817275,The prognostic and predictive value of platelet parameters in diabetic and nondiabetic patients with sudden sensorineural hearing loss,2020,10.1515/biol-2020-0083,doi_chain_cited_by,1,doi_chain:10.1515/biol-2020-0083,AAGL2012_039
31499283,The feasibility of the platelet count and mean platelet volume as markers of endometriosis and adenomyosis: A case control study,2019,10.1016/j.jogoh.2019.101626,doi_chain_cited_by,1,doi_chain:10.1016/j.jogoh.2019.101626,AAGL2012_039
33747585,Cultivating the Apprentice-Mentor Model for Minimally Invasive Gynaecology in the Era of Surgically Scarce Training: A Case Report of Laparoscopic Cornuostomy for Interstitial Ectopic Pregnancy by a Trainee,2021,10.1155/2021/5560309,doi_chain_cited_by,1,doi_chain:10.1155/2021/5560309,AAGL2012_041
36654560,"Birth of a Social Mediatrician: Adopting Slack, Twitter, and Instagram for Residents",2022,10.7759/cureus.32569,doi_chain_cited_by,1,doi_chain:10.7759/cureus.32569,AAGL2012_047
32681995,Randomized Study Comparing a Reusable Morcellator with a Resectoscope in the Hysteroscopic Treatment of Uterine Polyps: The RESMO Study,2020,10.1016/j.jmig.2020.07.007,doi_chain_cited_by,1,doi_chain:10.1016/j.jmig.2020.07.007,AAGL2012_051
25453907,Nouvelle technique en hystéroscopie : les morcellateurs hystéroscopiques,2014,10.1016/j.gyobfe.2014.10.002,doi_chain_cited_by,1,doi_chain:10.1016/j.gyobfe.2014.10.002,AAGL2012_051
27867049,Improving Rates of Post-Essure Hysterosalpingography in an Urban Population Using Electronic Tracking Reminders,2016,10.1016/j.jmig.2016.10.019,doi_chain_cited_by,1,doi_chain:10.1016/j.jmig.2016.10.019,AAGL2012_052
24768959,Management of Complications Encountered With Essure Hysteroscopic Sterilization: A Systematic Review,2014,10.1016/j.jmig.2014.03.019,doi_chain_cited_by,1,doi_chain:10.1016/j.jmig.2014.03.019,AAGL2012_056
24393165,Essure<sup>®</sup> for management of hydrosalpinx prior to <i>in vitro</i> fertilisation—a systematic review and pooled analysis,2014,10.1111/1471-0528.12533,doi_chain_cited_by,1,doi_chain:10.1111/1471-0528.12533,AAGL2012_057
27638270,Current trends in minimally invasive reconstructive urology,2011,10.1007/s11701-011-0322-3,doi_chain_cited_by,1,doi_chain:10.1007/s11701-011-0322-3,AAGL2012_064
23791400,Predicting Pelvic Pain After Endometrial Ablation: Which Preoperative Patient Characteristics Are Associated?,2013,10.1016/j.jmig.2013.04.006,doi_chain_cited_by,1,doi_chain:10.1016/j.jmig.2013.04.006,AAGL2012_065
23770812,The long-term outcomes of endometrial ablation in the treatment of heavy menstrual bleeding,2013,10.1097/gco.0b013e3283630e9c,doi_chain_cited_by,1,doi_chain:10.1097/gco.0b013e3283630e9c,AAGL2012_066
28952185,Pregnancy after endometrial ablation: a systematic review,2017,10.1111/1471-0528.14854,doi_chain_cited_by,1,doi_chain:10.1111/1471-0528.14854,AAGL2012_066
24648771,Ten-year literature review of global endometrial ablation with the NovaSure&amp;reg; device,2014,10.2147/ijwh.s56364,doi_chain_cited_by,1,doi_chain:10.2147/ijwh.s56364,AAGL2012_066
23990373,Endometrial resection and ablation techniques for heavy menstrual bleeding,2013,10.1002/14651858.cd001501.pub4,doi_chain_cited_by,1,doi_chain:10.1002/14651858.cd001501.pub4,AAGL2012_067
24768959,Management of Complications Encountered With Essure Hysteroscopic Sterilization: A Systematic Review,2014,10.1016/j.jmig.2014.03.019,doi_chain_cited_by,1,doi_chain:10.1016/j.jmig.2014.03.019,AAGL2012_069
24442763,Laparoscopic surgical box model training for surgical trainees with no prior laparoscopic experience,2014,10.1002/14651858.cd010479.pub2,doi_chain_cited_by,1,doi_chain:10.1002/14651858.cd010479.pub2,AAGL2012_070
26112628,Integrating Sonography Training Into Undergraduate Medical Education,2015,10.7863/ultra.34.7.1253,doi_chain_cited_by,1,doi_chain:10.7863/ultra.34.7.1253,AAGL2012_071
27209030,Training and Assessment of Hysteroscopic Skills: A Systematic Review,2016,10.1016/j.jsurg.2016.04.006,doi_chain_cited_by,1,doi_chain:10.1016/j.jsurg.2016.04.006,AAGL2012_071
38947438,Characteristics of hysteroscopic training models: A review of the literature,2024,10.1016/j.heliyon.2024.e31698,doi_chain_cited_by,1,doi_chain:10.1016/j.heliyon.2024.e31698,AAGL2012_071
26375557,Development and Validation of a Laparoscopic Simulation Model for Suturing the Vaginal Cuff,2015,10.1097/aog.0000000000001053,doi_chain_cited_by,1,doi_chain:10.1097/aog.0000000000001053,AAGL2012_073
24462591,Development and Validation of a Laparoscopic Sacrocolpopexy Simulation Model for Surgical Training,2014,10.1016/j.jmig.2013.12.124,doi_chain_cited_by,1,doi_chain:10.1016/j.jmig.2013.12.124,AAGL2012_073
26092028,Predictive value of background experiences and visual spatial ability testing on laparoscopic baseline performance among residents entering postgraduate surgical training,2015,10.1007/s00464-015-4313-8,doi_chain_cited_by,1,doi_chain:10.1007/s00464-015-4313-8,AAGL2012_076
29166679,Work-Related Musculoskeletal Disorders among Plastic Surgeons: A Systematic Review,2017,10.1055/s-0037-1608680,doi_chain_cited_by,1,doi_chain:10.1055/s-0037-1608680,AAGL2012_086
32766897,Update on the Use of Synthetic Mesh in Reconstructive and Cosmetic Breast Surgery,2020,10.1007/s00266-020-01767-2,doi_chain_cited_by,1,doi_chain:10.1007/s00266-020-01767-2,AAGL2012_093
24055431,Single-Incision Mini-Slings Versus Standard Midurethral Slings in Surgical Management of Female Stress Urinary Incontinence: An Updated Systematic Review and Meta-analysis of Effectiveness and Complications,2013,10.1016/j.eururo.2013.08.032,doi_chain_cited_by,1,doi_chain:10.1016/j.eururo.2013.08.032,AAGL2012_095
30929658,Surgical treatments for women with stress urinary incontinence: the ESTER systematic review and economic evaluation,2019,10.3310/hta23140,doi_chain_cited_by,1,doi_chain:10.3310/hta23140,AAGL2012_095
37888839,Single-incision sling operations for urinary incontinence in women,2023,10.1002/14651858.cd008709.pub4,doi_chain_cited_by,1,doi_chain:10.1002/14651858.cd008709.pub4,AAGL2012_095
29927049,"Clinical outcome of single‐incision slings, excluding <scp>TVT</scp> ‐Secur, vs standard slings in the surgical management of stress incontinence: an updated systematic review and meta‐analysis",2018,10.1111/bju.14447,doi_chain_cited_by,1,doi_chain:10.1111/bju.14447,AAGL2012_095
36520097,Single-incision mini-slings versus standard synthetic mid-urethral slings for surgical treatment of stress urinary incontinence in women: The SIMS RCT,2022,10.3310/btsa6148,doi_chain_cited_by,1,doi_chain:10.3310/btsa6148,AAGL2012_095
29168558,Outcomes in women undergoing robotic‐assisted laparoscopic hysterectomy compared to conventional laparoscopic hysterectomy at a tertiary hospital in Western Australia,2017,10.1111/ajo.12749,doi_chain_cited_by,1,doi_chain:10.1111/ajo.12749,AAGL2013_004
25753111,The impact of robotics on the mode of benign hysterectomy and clinical outcomes,2015,10.1002/rcs.1648,doi_chain_cited_by,1,doi_chain:10.1002/rcs.1648,AAGL2013_004
26084250,Does Preincisional Infiltration with Bupivacaine Reduce Postoperative Pain in Laparoscopic Bariatric Surgery?,2015,10.1007/s11695-015-1761-0,doi_chain_cited_by,1,doi_chain:10.1007/s11695-015-1761-0,AAGL2013_006
40178137,Transversus abdominis plane (TAP) blocks for prevention of postoperative pain in women undergoing laparoscopic and robotic gynaecological surgery,2025,10.1002/14651858.cd015145.pub2,doi_chain_cited_by,1,doi_chain:10.1002/14651858.cd015145.pub2,AAGL2013_006
25486264,An over-view of robot assisted surgery curricula and the status of their validation,2014,10.1016/j.ijsu.2014.11.033,doi_chain_cited_by,1,doi_chain:10.1016/j.ijsu.2014.11.033,AAGL2013_010
36253574,"Virtual classroom proficiency-based progression for robotic surgery training (VROBOT): a randomised, prospective, cross-over, effectiveness study",2022,10.1007/s11701-022-01467-w,doi_chain_cited_by,1,doi_chain:10.1007/s11701-022-01467-w,AAGL2013_010
26272688,Robotic Versus Laparoscopic Hysterectomy for Benign Disease: A Systematic Review and Meta-Analysis of Randomized Trials,2015,10.1016/j.jmig.2015.08.003,doi_chain_cited_by,1,doi_chain:10.1016/j.jmig.2015.08.003,AAGL2013_011
25493418,Robot-assisted surgery in gynaecology,2014,10.1002/14651858.cd011422,doi_chain_cited_by,1,doi_chain:10.1002/14651858.cd011422,AAGL2013_011
28624343,‘Money for nothing’. The role of robotic-assisted laparoscopy for the treatment of endometriosis,2017,10.1016/j.rbmo.2017.05.010,doi_chain_cited_by,1,doi_chain:10.1016/j.rbmo.2017.05.010,AAGL2013_015
29168563,Pelvic examination may be meaningfully taught to novices and be used to predict operating times for laparoscopic excision of endometriosis in one surgical procedure,2017,10.1111/ajo.12733,doi_chain_cited_by,1,doi_chain:10.1111/ajo.12733,AAGL2013_021
30134426,ACOG Committee Opinion No. 750: Perioperative Pathways: Enhanced Recovery After Surgery,2018,10.1097/aog.0000000000002818,doi_chain_cited_by,1,doi_chain:10.1097/aog.0000000000002818,AAGL2013_031
33559272,Mechanical bowel preparation before gynecologic laparoscopic procedures: Is it time to abandon this practice?,2021,10.1111/jog.14674,doi_chain_cited_by,1,doi_chain:10.1111/jog.14674,AAGL2013_031
28784416,Social determinants of access to minimally invasive hysterectomy: reevaluating the relationship between race and route of hysterectomy for benign disease,2017,10.1016/j.ajog.2017.07.036,doi_chain_cited_by,1,doi_chain:10.1016/j.ajog.2017.07.036,AAGL2013_032
36088529,Model-based characterization platform of fiber optic extended-wavelength diffuse reflectance spectroscopy for identification of neurovascular bundles,2022,10.1117/1.jbo.27.9.095002,doi_chain_cited_by,1,doi_chain:10.1117/1.jbo.27.9.095002,AAGL2013_039
30362670,Ovarian cancer: Pathogenesis and current recommendations for prophylactic surgery,2019,10.4274/jtgga.galenos.2018.2018.0119,doi_chain_cited_by,1,doi_chain:10.4274/jtgga.galenos.2018.2018.0119,AAGL2013_045
26690823,Prophylactic salpingectomy and prophylactic salpingoophorectomy for adnexal high-grade serous epithelial carcinoma: A reappraisal,2015,10.1016/j.suronc.2015.09.008,doi_chain_cited_by,1,doi_chain:10.1016/j.suronc.2015.09.008,AAGL2013_045
29962519,Opportunistic Salpingectomy at the Time of Benign Laparoscopic Hysterectomy: Assessment of Possible Complications and Histopathological p53-Signatures,2018,10.1055/a-0611-5167,doi_chain_cited_by,1,doi_chain:10.1055/a-0611-5167,AAGL2013_045
30275673,Trends of Opportunistic Salpingectomy,2018,10.4293/jsls.2018.00004,doi_chain_cited_by,1,doi_chain:10.4293/jsls.2018.00004,AAGL2013_045
27418226,Opportunistic salpingectomy for prevention of sporadic ovarian cancer — a jump from basic science to clinical practice?,2016,10.5603/gp.2016.0027,doi_chain_cited_by,1,doi_chain:10.5603/gp.2016.0027,AAGL2013_045
26848295,Ovarian function and ovarian blood supply following premenopausal abdominal hysterectomy,2015,10.5114/pm.2015.56312,doi_chain_cited_by,1,doi_chain:10.5114/pm.2015.56312,AAGL2013_045
28616055,Evaluation of ovarian function after hysterectomy with or without salpingectomy: A feasible study,2017,10.4103/jrms.jrms_81_17,doi_chain_cited_by,1,doi_chain:10.4103/jrms.jrms_81_17,AAGL2013_045
30425586,Bilateral salpingectomy versus bilateral partial salpingectomy during cesarean delivery,2018,10.2147/ijwh.s180329,doi_chain_cited_by,1,doi_chain:10.2147/ijwh.s180329,AAGL2013_045
30515610,The use of 3D laparoscopic imaging systems in surgery: EAES consensus development conference 2018,2018,10.1007/s00464-018-06612-x,doi_chain_cited_by,1,doi_chain:10.1007/s00464-018-06612-x,AAGL2013_053
28456372,Uterine peristalsis and fertility: current knowledge and future perspectives: a review and meta-analysis,2017,10.1016/j.rbmo.2017.03.019,doi_chain_cited_by,1,doi_chain:10.1016/j.rbmo.2017.03.019,AAGL2013_055
29593995,Late-onset endometrial ablation failure,2017,10.1016/j.crwh.2017.07.001,doi_chain_cited_by,1,doi_chain:10.1016/j.crwh.2017.07.001,AAGL2013_069
34165779,The combined use of endometrial ablation or resection and levonorgestrel‐releasing intrauterine system in women with heavy menstrual bleeding: A systematic review,2021,10.1111/aogs.14219,doi_chain_cited_by,1,doi_chain:10.1111/aogs.14219,AAGL2013_069
31690531,Current Status of Technical Skills Assessment Tools in Surgery: A Systematic Review,2019,10.1016/j.jss.2019.09.006,doi_chain_cited_by,1,doi_chain:10.1016/j.jss.2019.09.006,AAGL2013_076
31765644,Variability in gynecologic case volume of obstetrician-gynecologist residents graduating from 2009 to 2017,2019,10.1016/j.ajog.2019.11.1258,doi_chain_cited_by,1,doi_chain:10.1016/j.ajog.2019.11.1258,AAGL2013_079
26884272,Trainee participation and perioperative complications in benign hysterectomy: the effect of route of surgery,2016,10.1016/j.ajog.2016.02.022,doi_chain_cited_by,1,doi_chain:10.1016/j.ajog.2016.02.022,AAGL2013_079
26017910,General surgery training and robotics: Are residents improving their skills?,2015,10.1007/s00464-015-4240-8,doi_chain_cited_by,1,doi_chain:10.1007/s00464-015-4240-8,AAGL2013_079
30095781,The First National Summit on Women's Health,2018,10.1097/aog.0000000000002797,doi_chain_cited_by,1,doi_chain:10.1097/aog.0000000000002797,AAGL2013_079
28657992,Ready or Not? Obstetrics and Gynecology Resident Preparedness for Female Pelvic Medicine and Reconstructive Surgery Training,2017,10.1097/spv.0000000000000418,doi_chain_cited_by,1,doi_chain:10.1097/spv.0000000000000418,AAGL2013_079
27460158,Surgical management of postpartum haemorrhage: survey of French obstetricians,2016,10.1038/srep30342,doi_chain_cited_by,1,doi_chain:10.1038/srep30342,AAGL2013_079
29474294,Surgical Anatomy of Vaginal Hysterectomy—Impact of a Resident-Constructed Simulation Model,2018,10.1097/spv.0000000000000545,doi_chain_cited_by,1,doi_chain:10.1097/spv.0000000000000545,AAGL2013_079
29422404,New Challenges for a Core Procedure: Development of a Faculty Workshop for Skills Maintenance for Abdominal Hysterectomy,2018,10.1016/j.jsurg.2017.12.007,doi_chain_cited_by,1,doi_chain:10.1016/j.jsurg.2017.12.007,AAGL2013_079
30419200,Achieving high value in the surgical approach to hysterectomy,2018,10.1016/j.ajog.2018.11.124,doi_chain_cited_by,1,doi_chain:10.1016/j.ajog.2018.11.124,AAGL2013_079
30310699,Trends in Route of Hysterectomy after the Implementation of a Comprehensive Robotic Training Program,2018,10.1155/2018/7362489,doi_chain_cited_by,1,doi_chain:10.1155/2018/7362489,AAGL2013_079
31740432,Reduced Complications Following Implementation of Laparoscopic Hysterectomy: A Danish Population-based Cohort Study of Minimally Invasive Benign Gynecologic Surgery between 2004 and 2018,2019,10.1016/j.jmig.2019.11.005,doi_chain_cited_by,1,doi_chain:10.1016/j.jmig.2019.11.005,AAGL2013_079
29454146,Matching Trends for the Fellowship in Minimally Invasive Gynecologic Surgery Since Participation in the National Residency Match Program,2018,10.1016/j.jmig.2018.02.005,doi_chain_cited_by,1,doi_chain:10.1016/j.jmig.2018.02.005,AAGL2013_079
27403070,The impact of a simulation-based training lab on outcomes of hysterectomy,2016,10.5152/jtgga.2016.16053,doi_chain_cited_by,1,doi_chain:10.5152/jtgga.2016.16053,AAGL2013_079
25617772,Gynecologic Oncologist as surgical consultant: Intraoperative consultations during general gynecologic surgery as an important focus of gynecologic oncology training,2015,10.1016/j.ygyno.2015.01.536,doi_chain_cited_by,1,doi_chain:10.1016/j.ygyno.2015.01.536,AAGL2013_079
31809420,Minimally Invasive Surgery in Morbidly Obese Women,2019,10.1097/aog.0000000000003588,doi_chain_cited_by,1,doi_chain:10.1097/aog.0000000000003588,AAGL2013_079
28263200,Increasing Utilization of Minimally Invasive Hysterectomy,2017,10.1097/grf.0000000000000283,doi_chain_cited_by,1,doi_chain:10.1097/grf.0000000000000283,AAGL2013_079
33310169,Multi-institutional Validation of a Vaginal Hysterectomy Simulation Model for Resident Training,2020,10.1016/j.jmig.2020.12.006,doi_chain_cited_by,1,doi_chain:10.1016/j.jmig.2020.12.006,AAGL2013_079
29410142,A Randomized Multicenter Study Assessing the Educational Impact of a Computerized Interactive Hysterectomy Trainer on Gynecology Residents,2018,10.1016/j.jmig.2018.01.025,doi_chain_cited_by,1,doi_chain:10.1016/j.jmig.2018.01.025,AAGL2013_079
29421248,Visuospatial Aptitude Testing Differentially Predicts Simulated Surgical Skill,2018,10.1016/j.jmig.2018.01.031,doi_chain_cited_by,1,doi_chain:10.1016/j.jmig.2018.01.031,AAGL2013_079
31855902,Deliberate Practice: Applying the Expert Performance Approach to Gynecologic Surgical Training,2019,10.1097/grf.0000000000000509,doi_chain_cited_by,1,doi_chain:10.1097/grf.0000000000000509,AAGL2013_079
27359081,Parasitic leiomyomas: a systematic review,2016,10.1016/j.ejogrb.2016.05.025,doi_chain_cited_by,1,doi_chain:10.1016/j.ejogrb.2016.05.025,AAGL2014_005
26701205,Risk of Undetected Cancer at the Time of Laparoscopic Supracervical Hysterectomy and Laparoscopic Myomectomy: Implications for the Use of Power Morcellation,2015,10.1016/j.whi.2015.09.008,doi_chain_cited_by,1,doi_chain:10.1016/j.whi.2015.09.008,AAGL2014_005
34686761,Preclinical safety testing and initial experience of a morcellation bag with four sealable ports,2021,10.1038/s41598-021-99934-1,doi_chain_cited_by,1,doi_chain:10.1038/s41598-021-99934-1,AAGL2014_005
36932015,Current practises and the future of robotic surgical training,2023,10.1016/j.surge.2023.02.006,doi_chain_cited_by,1,doi_chain:10.1016/j.surge.2023.02.006,AAGL2014_015
35025036,Impact of robotic single and dual console systems in the training of minimally invasive gynecology surgery (MIGS) fellows,2022,10.1007/s11701-022-01369-x,doi_chain_cited_by,1,doi_chain:10.1007/s11701-022-01369-x,AAGL2014_015
26321172,"A Comparison of Outcomes Between Robotic-Assisted, Single-Site Laparoscopy Versus Laparoendoscopic Single Site for Benign Hysterectomy",2015,10.1016/j.jmig.2015.08.883,doi_chain_cited_by,1,doi_chain:10.1016/j.jmig.2015.08.883,AAGL2014_016
30356342,Robotic Single-Site Sacrocolpopexy with Retroperitoneal Tunneling,2018,10.4293/jsls.2018.00009,doi_chain_cited_by,1,doi_chain:10.4293/jsls.2018.00009,AAGL2014_016
37522106,Credentialing and Patient Safety in Robotic Gynecologic Surgery: Changes over the Last Eight Years,2023,10.4293/jsls.2023.00007,doi_chain_cited_by,1,doi_chain:10.4293/jsls.2023.00007,AAGL2014_016
26701205,Risk of Undetected Cancer at the Time of Laparoscopic Supracervical Hysterectomy and Laparoscopic Myomectomy: Implications for the Use of Power Morcellation,2015,10.1016/j.whi.2015.09.008,doi_chain_cited_by,1,doi_chain:10.1016/j.whi.2015.09.008,AAGL2014_035
35128434,Systematic review of patient-specific pre-operative predictors of pain improvement to endometriosis surgery,2021,10.1530/raf-20-0057,doi_chain_cited_by,1,doi_chain:10.1530/raf-20-0057,AAGL2014_041
30885782,Identifying Preoperative Factors Associated with Nonresponders in Women Undergoing Comprehensive Surgical Treatment for Endometriosis,2019,10.1016/j.jmig.2019.03.007,doi_chain_cited_by,1,doi_chain:10.1016/j.jmig.2019.03.007,AAGL2014_041
36509394,Fertility Outcomes after Surgical Management of Colorectal Endometriosis: A Single-center Retrospective Study,2022,10.1016/j.jmig.2022.12.005,doi_chain_cited_by,1,doi_chain:10.1016/j.jmig.2022.12.005,AAGL2014_049
32631683,Infertility in patients with bowel endometriosis,2020,10.1016/j.bpobgyn.2020.05.007,doi_chain_cited_by,1,doi_chain:10.1016/j.bpobgyn.2020.05.007,AAGL2014_049
30253997,"Quality of Life, Adverse Events, and Reintervention Outcomes after Laparoscopic Radiofrequency Ablation for Symptomatic Uterine Fibroids: A Meta-Analysis",2018,10.1016/j.jmig.2018.09.772,doi_chain_cited_by,1,doi_chain:10.1016/j.jmig.2018.09.772,AAGL2014_055
27737492,Laparoscopy versus laparotomy for FIGO stage I ovarian cancer,2016,10.1002/14651858.cd005344.pub4,doi_chain_cited_by,1,doi_chain:10.1002/14651858.cd005344.pub4,AAGL2014_056
32474012,A systematic review of the psychosocial impact of fibroids before and after treatment,2020,10.1016/j.ajog.2020.05.044,doi_chain_cited_by,1,doi_chain:10.1016/j.ajog.2020.05.044,AAGL2014_060
26097247,Radiofrequency Volumetric Thermal Ablation of Fibroids and Laparoscopic Myomectomy: Long-Term Follow-up From a Randomized Trial,2015,10.1055/s-0035-1545931,doi_chain_cited_by,1,doi_chain:10.1055/s-0035-1545931,AAGL2014_060
40888469,Image‐guided therapies for uterine fibroids,2025,10.1002/ijgo.70493,doi_chain_cited_by,1,doi_chain:10.1002/ijgo.70493,AAGL2014_060
28351762,Does Ulipristal Acetate Affect Surgical Experience at Laparoscopic Myomectomy?,2017,10.1016/j.jmig.2017.02.025,doi_chain_cited_by,1,doi_chain:10.1016/j.jmig.2017.02.025,AAGL2014_068
25772793,Drug safety evaluation of ulipristal acetate in the treatment of uterine fibroids,2015,10.1517/14740338.2015.1021773,doi_chain_cited_by,1,doi_chain:10.1517/14740338.2015.1021773,AAGL2014_082
26466648,MyoSure in management of cornual ectopic pregnancy,2015,10.3109/01443615.2015.1086988,doi_chain_cited_by,1,doi_chain:10.3109/01443615.2015.1086988,AAGL2014_083
40181699,Clinical practice in office hysteroscopy,2025,10.5468/ogs.24234,doi_chain_cited_by,1,doi_chain:10.5468/ogs.24234,AAGL2014_085
29949273,Pain assessment during outpatient hysteroscopy using room temperature versus warm normal saline solution as a distention medium – a prospective randomized study,2017,10.12891/ceog3486.2017,doi_chain_cited_by,1,doi_chain:10.12891/ceog3486.2017,AAGL2014_085
34866373,Efficacy of hyoscine in pain management during hysteroscopy: a systematic review and meta-analysis,2021,10.4274/jtgga.galenos.2021.2021.0057,doi_chain_cited_by,1,doi_chain:10.4274/jtgga.galenos.2021.2021.0057,AAGL2014_085
40423773,Applications of different energy devices in laparoscopic and robotic gynecological surgery: a systematic review,2025,10.1007/s00404-025-08055-x,doi_chain_cited_by,1,doi_chain:10.1007/s00404-025-08055-x,AAGL2014_086
32096901,Achieving robotic program best practice performance and cost versus laparoscopy: Two case studies define a framework for optimization,2020,10.1002/rcs.2098,doi_chain_cited_by,1,doi_chain:10.1002/rcs.2098,AAGL2014_088
28610900,Persistence of fimbrial tissue on the ovarian surface after salpingectomy,2017,10.1016/j.ajog.2017.06.004,doi_chain_cited_by,1,doi_chain:10.1016/j.ajog.2017.06.004,AAGL2014_089
28456372,Uterine peristalsis and fertility: current knowledge and future perspectives: a review and meta-analysis,2017,10.1016/j.rbmo.2017.03.019,doi_chain_cited_by,1,doi_chain:10.1016/j.rbmo.2017.03.019,AAGL2014_090
25958129,New technologies and innovations in hysteroscopy,2015,10.1016/j.bpobgyn.2015.03.012,doi_chain_cited_by,1,doi_chain:10.1016/j.bpobgyn.2015.03.012,AAGL2014_091
29078975,"Laparoscopic myomectomy and morcellation: A review of techniques, outcomes, and practice guidelines",2017,10.1016/j.bpobgyn.2017.09.012,doi_chain_cited_by,1,doi_chain:10.1016/j.bpobgyn.2017.09.012,AAGL2015_001
35932289,Fibroids and Fertility: A Comparison of Myomectomy and Uterine Artery Embolization on Fertility and Reproductive Outcomes,2022,10.1097/ogx.0000000000001052,doi_chain_cited_by,1,doi_chain:10.1097/ogx.0000000000001052,AAGL2015_001
35101407,Minimally invasive myomectomy: practice trends and differences between Black and non-Black women within a large integrated healthcare system,2022,10.1016/j.ajog.2022.01.022,doi_chain_cited_by,1,doi_chain:10.1016/j.ajog.2022.01.022,AAGL2015_001
33251780,Robot-Assisted Laparoscopic Myomectomy versus Abdominal Myomectomy for Large Myomas Sized over 10 cm or Weighing 250 g,2020,10.3349/ymj.2020.61.12.1054,doi_chain_cited_by,1,doi_chain:10.3349/ymj.2020.61.12.1054,AAGL2015_001
35815667,Uterine fibroids morcellation: a puzzle topic,2022,10.1080/13645706.2022.2095872,doi_chain_cited_by,1,doi_chain:10.1080/13645706.2022.2095872,AAGL2015_001
30936031,Racial Disparities in Response to a US Food and Drug Administration Safety Communication Regarding the Use of Power Morcellation for the Treatment of Uterine Leiomyoma,2019,10.1016/j.jmig.2019.03.019,doi_chain_cited_by,1,doi_chain:10.1016/j.jmig.2019.03.019,AAGL2015_001
33567699,New Surgical Technique for Robotic Myomectomy: Continuous Locking Suture on Myoma (LSOM) Technique,2021,10.3390/jcm10040654,doi_chain_cited_by,1,doi_chain:10.3390/jcm10040654,AAGL2015_001
34208821,The Number of Myomas Is the Most Important Risk Factor for Blood Loss and Total Operation Time in Robotic Myomectomy: Analysis of 242 Cases,2021,10.3390/jcm10132930,doi_chain_cited_by,1,doi_chain:10.3390/jcm10132930,AAGL2015_001
35074691,"Preoperative clinical characteristics between uterine sarcoma and leiomyoma in patients with uterine mass, a case-control study",2022,10.1016/j.ejogrb.2022.01.013,doi_chain_cited_by,1,doi_chain:10.1016/j.ejogrb.2022.01.013,AAGL2015_003
31122536,Two-port myomectomy using bag-contained manual morcellation: A comparison with three-port myomectomy using power morcellation,2019,10.1016/j.tjog.2019.01.029,doi_chain_cited_by,1,doi_chain:10.1016/j.tjog.2019.01.029,AAGL2015_003
33561167,Preoperative MRI and LDH in women undergoing intra-abdominal surgery for fibroids: Effect on surgical route,2021,10.1371/journal.pone.0246807,doi_chain_cited_by,1,doi_chain:10.1371/journal.pone.0246807,AAGL2015_003
29078975,"Laparoscopic myomectomy and morcellation: A review of techniques, outcomes, and practice guidelines",2017,10.1016/j.bpobgyn.2017.09.012,doi_chain_cited_by,1,doi_chain:10.1016/j.bpobgyn.2017.09.012,AAGL2015_004
31677088,Benign uterine mass—discrimination from leiomyosarcoma by a preoperative risk score: a multicenter cohort study,2019,10.1007/s00404-019-05344-0,doi_chain_cited_by,1,doi_chain:10.1007/s00404-019-05344-0,AAGL2015_004
36675520,Accidental Morcellation of Uterine Leiomyosarcoma Influences Relapse Free Survival but Does Not Negatively Influence Overall Survival,2023,10.3390/jcm12020591,doi_chain_cited_by,1,doi_chain:10.3390/jcm12020591,AAGL2015_004
40566056,Advances and Challenges in Minimally Invasive Myomectomy: A Narrative Review,2025,10.3390/jcm14124313,doi_chain_cited_by,1,doi_chain:10.3390/jcm14124313,AAGL2015_004
30498966,Incidence and groups at risk for unexpected uterine leiomyosarcoma: a Dutch nationwide cohort study,2018,10.1007/s00404-018-4949-4,doi_chain_cited_by,1,doi_chain:10.1007/s00404-018-4949-4,AAGL2015_004
33847615,Disseminated ovarian granulosa cell tumor after laparoscopic surgery,2021,10.1097/md.0000000000025176,doi_chain_cited_by,1,doi_chain:10.1097/md.0000000000025176,AAGL2015_004
28599164,Impact of power morcellator removal on hysterectomy practice patterns,2017,10.1016/j.ejogrb.2017.05.015,doi_chain_cited_by,1,doi_chain:10.1016/j.ejogrb.2017.05.015,AAGL2015_004
30318572,Occult uterine malignancy during laparoscopic supracervical hysterectomy,2018,10.5603/gp.a2018.0080,doi_chain_cited_by,1,doi_chain:10.5603/gp.a2018.0080,AAGL2015_004
36553218,The Benign Side of the Abdominal Wall: A Pictorial Review of Non-Neoplastic Diseases,2022,10.3390/diagnostics12123211,doi_chain_cited_by,1,doi_chain:10.3390/diagnostics12123211,AAGL2015_006
31425175,Mass lesions of the myometrium: interpretation and management of unexpected pathology,2019,10.1097/gco.0000000000000569,doi_chain_cited_by,1,doi_chain:10.1097/gco.0000000000000569,AAGL2015_007
26618933,Teaming up for Women's Health: The 2015 American College of Obstetricians and Gynecologists Annual Clinical and Scientific Meeting,2015,10.2217/whe.15.70,doi_chain_cited_by,1,doi_chain:10.2217/whe.15.70,AAGL2015_007
28196672,A study on uterine lymphatic anatomy for standardization of pelvic sentinel lymph node detection in endometrial cancer,2017,10.1016/j.ygyno.2017.02.018,doi_chain_cited_by,1,doi_chain:10.1016/j.ygyno.2017.02.018,AAGL2015_008
29727351,Comparison of Different Surgical Approaches for Stage IB1 Cervical Cancer Patients,2018,10.1097/igc.0000000000001254,doi_chain_cited_by,1,doi_chain:10.1097/igc.0000000000001254,AAGL2015_010
31667168,Comparative analysis of robotic <i>vs</i> laparoscopic radical hysterectomy for cervical cancer,2019,10.12998/wjcc.v7.i20.3185,doi_chain_cited_by,1,doi_chain:10.12998/wjcc.v7.i20.3185,AAGL2015_010
33041070,"Comparison of long-term survival of total abdominal radical hysterectomy and laparoscopy-assisted radical vaginal hysterectomy in patients with early cervical cancer: Korean multicenter, retrospective analysis",2020,10.1016/j.ygyno.2020.09.035,doi_chain_cited_by,1,doi_chain:10.1016/j.ygyno.2020.09.035,AAGL2015_010
33039294,Investigating the possible impact of peritoneal tumor exposure amongst women with early stage cervical cancer treated with minimally invasive approach,2020,10.1016/j.ejso.2020.09.038,doi_chain_cited_by,1,doi_chain:10.1016/j.ejso.2020.09.038,AAGL2015_010
34555877,Impact of surgeon learning curve in minimally invasive radical hysterectomy on early stage cervical cancer patient survival,2021,10.52054/fvvo.13.3.035,doi_chain_cited_by,1,doi_chain:10.52054/fvvo.13.3.035,AAGL2015_010
31147586,Laparoscopic uterine graft procurement and surgical autotransplantation in ovine model,2019,10.1038/s41598-019-44528-1,doi_chain_cited_by,1,doi_chain:10.1038/s41598-019-44528-1,AAGL2015_010
38457577,"Comparison of survival outcome of open, total laparoscopic, and laparoscopy-assisted radical vaginal hysterectomy for stage IB2 cervical cancer patients: A multicenter retrospective study",2024,10.1097/md.0000000000037426,doi_chain_cited_by,1,doi_chain:10.1097/md.0000000000037426,AAGL2015_010
31749334,Reproductive Implications and Management of Congenital Uterine Anomalies,2019,10.1111/1471-0528.15968,doi_chain_cited_by,1,doi_chain:10.1111/1471-0528.15968,AAGL2015_014
39915100,Reproductive Implications and Management of Congenital Uterine Anomalies (2024 Second Edition),2025,10.1111/1471-0528.18054,doi_chain_cited_by,1,doi_chain:10.1111/1471-0528.18054,AAGL2015_014
41268817,Septum resection for women of reproductive age with a septate uterus,2025,10.1002/14651858.cd008576.pub5,doi_chain_cited_by,1,doi_chain:10.1002/14651858.cd008576.pub5,AAGL2015_014
25493418,Robot-assisted surgery in gynaecology,2014,10.1002/14651858.cd011422,doi_chain_cited_by,1,doi_chain:10.1002/14651858.cd011422,AAGL2015_020
31004205,Robot-assisted laparoscopic ureteral reimplantation in children: a valuable alternative to open surgery,2019,10.1007/s00345-019-02766-y,doi_chain_cited_by,1,doi_chain:10.1007/s00345-019-02766-y,AAGL2015_022
34029745,Decisions and Consequences: Validation of High-Stakes Simulation-Based Assessments in Gynecologic Surgery,2021,10.1016/j.jmig.2021.05.013,doi_chain_cited_by,1,doi_chain:10.1016/j.jmig.2021.05.013,AAGL2015_024
27299280,Oncological outcomes after fertility-sparing surgery for cervical cancer: a systematic review,2016,10.1016/s1470-2045(16)30032-8,doi_chain_cited_by,1,doi_chain:10.1016/s1470-2045(16)30032-8,AAGL2015_027
40624221,Robotic radical trachelectomy in early stage cervical cancer,2025,10.1007/s11701-025-02540-w,doi_chain_cited_by,1,doi_chain:10.1007/s11701-025-02540-w,AAGL2015_027
40038151,Robotic trachelectomy with sentinel lymph node biopsy for cervical cancer: a prospective study investigating minimally invasive radicality,2025,10.1007/s10147-025-02718-0,doi_chain_cited_by,1,doi_chain:10.1007/s10147-025-02718-0,AAGL2015_027
30179664,Quantification of Urinary Loss in Nulliparous Athletes During 1 Hour of Sports Training,2018,10.1016/j.pmrj.2018.08.383,doi_chain_cited_by,1,doi_chain:10.1016/j.pmrj.2018.08.383,AAGL2015_031
32911090,Effect of Methotrexate on Salpingostomy Completion Rate for Tubal Ectopic Pregnancy: A Retrospective Cohort Study,2020,10.1016/j.jmig.2020.09.003,doi_chain_cited_by,1,doi_chain:10.1016/j.jmig.2020.09.003,AAGL2015_035
32374206,Ultrasonographic diagnosis of early unruptured tubal pregnancy in a community hospital,2020,10.1177/0300060519894436,doi_chain_cited_by,1,doi_chain:10.1177/0300060519894436,AAGL2015_035
31207009,Prevention of postoperative adhesion reformation by intermittent intrauterine balloon therapy: a randomised controlled trial,2019,10.1111/1471-0528.15843,doi_chain_cited_by,1,doi_chain:10.1111/1471-0528.15843,AAGL2015_036
31082744,A cohort study comparing the severity and outcome of intrauterine adhesiolysis for Asherman syndrome after first- or second-trimester termination of pregnancy,2019,10.1016/j.ejogrb.2019.02.030,doi_chain_cited_by,1,doi_chain:10.1016/j.ejogrb.2019.02.030,AAGL2015_036
40578664,“The threat of Asherman syndrome”: a propensity score–matched study of fetal-maternal outcomes,2025,10.1016/j.fertnstert.2025.06.027,doi_chain_cited_by,1,doi_chain:10.1016/j.fertnstert.2025.06.027,AAGL2015_036
35093014,Decision tree model predicts live birth after surgery for moderate-to-severe intrauterine adhesions,2022,10.1186/s12884-022-04375-x,doi_chain_cited_by,1,doi_chain:10.1186/s12884-022-04375-x,AAGL2015_036
36405260,Successful live birth following hysteroscopic adhesiolysis under laparoscopic observation for Asherman’s syndrome: A case report,2022,10.12998/wjcc.v10.i32.11949,doi_chain_cited_by,1,doi_chain:10.12998/wjcc.v10.i32.11949,AAGL2015_036
29549658,Multiplex PCR from Menstrual Blood: A Non-Invasive Cost-Effective Approach to Reduce Diagnostic Dilemma for Genital Tuberculosis,2018,10.1007/s40291-018-0322-3,doi_chain_cited_by,1,doi_chain:10.1007/s40291-018-0322-3,AAGL2015_037
30344855,Caractéristiques épidémio-cliniques de la tuberculose génitale chez la femme tunisienne: une série de 47 cas,2018,10.11604/pamj.2018.30.71.14479,doi_chain_cited_by,1,doi_chain:10.11604/pamj.2018.30.71.14479,AAGL2015_037
28579408,Pregnancy outcome of in vitro fertilization after Essure and laparoscopic management of hydrosalpinx: a systematic review and meta-analysis,2017,10.1016/j.fertnstert.2017.05.005,doi_chain_cited_by,1,doi_chain:10.1016/j.fertnstert.2017.05.005,AAGL2015_038
31324437,Treatment of hydrosalpinx in relation to IVF outcome: a systematic review and meta-analysis,2019,10.1016/j.rbmo.2019.04.012,doi_chain_cited_by,1,doi_chain:10.1016/j.rbmo.2019.04.012,AAGL2015_038
38764191,Hydrosalpinx treatment before <i>in‐vitro</i> fertilization: systematic review and network meta‐analysis,2024,10.1002/uog.27697,doi_chain_cited_by,1,doi_chain:10.1002/uog.27697,AAGL2015_038
38333268,Comparison of salpingectomy and tubal occlusion for hydrosalpinx in in-vitro fertilization outcome,2024,10.1097/ms9.0000000000001548,doi_chain_cited_by,1,doi_chain:10.1097/ms9.0000000000001548,AAGL2015_038
35574522,"Ovarian Response, Pregnancy Outcomes, and Complications Between Salpingectomy and Proximal Tubal Occlusion in Hydrosalpinx Patients Before in vitro Fertilization: A Meta-Analysis",2022,10.3389/fsurg.2022.830612,doi_chain_cited_by,1,doi_chain:10.3389/fsurg.2022.830612,AAGL2015_038
30928249,Deep Dyspareunia: Review of Pathophysiology and Proposed Future Research Priorities,2019,10.1016/j.sxmr.2018.12.007,doi_chain_cited_by,1,doi_chain:10.1016/j.sxmr.2018.12.007,AAGL2015_042
36406177,Laparoscopic removal of a dermoid cyst in one ovary and an endometrioma in the other: A case report and literature review,2022,10.1016/j.crwh.2022.e00466,doi_chain_cited_by,1,doi_chain:10.1016/j.crwh.2022.e00466,AAGL2015_046
31931145,Virtual reality simulation to enhance laparoscopic salpingectomy skills,2020,10.1016/j.jogoh.2020.101685,doi_chain_cited_by,1,doi_chain:10.1016/j.jogoh.2020.101685,AAGL2015_047
36645474,The impact of extended reality on surgery: a scoping review,2023,10.1007/s00264-022-05663-z,doi_chain_cited_by,1,doi_chain:10.1007/s00264-022-05663-z,AAGL2015_048
38342713,"Intraoperative teaching methods, models, and frameworks: A scoping review for surgical resident education",2024,10.1016/j.amjsurg.2024.01.024,doi_chain_cited_by,1,doi_chain:10.1016/j.amjsurg.2024.01.024,AAGL2015_048
30243685,"Surgeon Volume in Benign Gynecologic Surgery: Review of Outcomes, Impact on Training, and Ethical Contexts",2018,10.1016/j.jmig.2018.09.775,doi_chain_cited_by,1,doi_chain:10.1016/j.jmig.2018.09.775,AAGL2015_050
32453127,Gynecologic surgery tracking in obstetrics and gynecology residency,2020,10.1097/gco.0000000000000640,doi_chain_cited_by,1,doi_chain:10.1097/gco.0000000000000640,AAGL2015_050
31456223,Hysterectomy with opportunistic salpingectomy versus hysterectomy alone,2019,10.1002/14651858.cd012858.pub2,doi_chain_cited_by,1,doi_chain:10.1002/14651858.cd012858.pub2,AAGL2015_051
27633332,C-SATS: Assessing Surgical Skills Among Urology Residency Applicants,2016,10.1089/end.2016.0569,doi_chain_cited_by,1,doi_chain:10.1089/end.2016.0569,AAGL2015_052
35408117,Performance and Capability Assessment in Surgical Subtask Automation,2022,10.3390/s22072501,doi_chain_cited_by,1,doi_chain:10.3390/s22072501,AAGL2015_052
29336812,Enhancing surgical performance by adopting expert musicians' practice and performance strategies,2018,10.1016/j.surg.2017.09.011,doi_chain_cited_by,1,doi_chain:10.1016/j.surg.2017.09.011,AAGL2015_052
29176414,"Prospective, Double-Blind Evaluation of Umbilicoplasty Techniques Using Conventional and Crowdsourcing Methods",2017,10.1097/prs.0000000000003839,doi_chain_cited_by,1,doi_chain:10.1097/prs.0000000000003839,AAGL2015_052
35961877,Crowdsourced assessment of surgical skills: A systematic review,2022,10.1016/j.amjsurg.2022.07.008,doi_chain_cited_by,1,doi_chain:10.1016/j.amjsurg.2022.07.008,AAGL2015_052
29975267,Innovation in Resident Education,2018,10.2106/jbjs.17.00839,doi_chain_cited_by,1,doi_chain:10.2106/jbjs.17.00839,AAGL2015_052
31614465,Radical Hysterectomy After Neoadjuvant Chemotherapy for Locally Bulky-Size Cervical Cancer: A Retrospective Comparative Analysis between the Robotic and Abdominal Approaches,2019,10.3390/ijerph16203833,doi_chain_cited_by,1,doi_chain:10.3390/ijerph16203833,AAGL2015_057
40922712,A Systematic Review and Meta‐Analysis of the Effectiveness and Cost of Single‐Site Robotic Surgery and Single‐Site Laparoscopic Surgery in Gynecological Diseases: The Era of Single‐Site Robotic Surgery May Have Arrived,2025,10.1002/cnr2.70327,doi_chain_cited_by,1,doi_chain:10.1002/cnr2.70327,AAGL2015_058
29984068,Learning Curve of Pure Single-Port Laparoscopic Distal Gastrectomy for Gastric Cancer,2018,10.5230/jgc.2018.18.e20,doi_chain_cited_by,1,doi_chain:10.5230/jgc.2018.18.e20,AAGL2015_063
37348093,Pain With Differing Insufflation Pressures During Robotic Sacrocolpopexy,2023,10.1097/aog.0000000000005231,doi_chain_cited_by,1,doi_chain:10.1097/aog.0000000000005231,AAGL2015_065
41644773,Low pressure pneumoperitoneum in robotic surgery: a systematic review and meta-analysis,2026,10.1007/s11701-026-03181-3,doi_chain_cited_by,1,doi_chain:10.1007/s11701-026-03181-3,AAGL2015_065
41854467,Insufflation Pressure and Pain After Single-Port Robotic Sacrocolpopexy,2026,10.1097/spv.0000000000001814,doi_chain_cited_by,1,doi_chain:10.1097/spv.0000000000001814,AAGL2015_065
30691974,Endométriose : évaluation du score Ultrasound-Based Endometriosis Staging System (UBESS) dans la prédiction de la difficulté chirurgicale,2019,10.1016/j.gofs.2018.12.003,doi_chain_cited_by,1,doi_chain:10.1016/j.gofs.2018.12.003,AAGL2015_066
31767378,Can Enhanced Techniques Improve the Diagnostic Accuracy of Transvaginal Sonography and Magnetic Resonance Imaging for Rectosigmoid Endometriosis? A Systematic Review and Meta-analysis,2019,10.1016/j.jogc.2019.07.016,doi_chain_cited_by,1,doi_chain:10.1016/j.jogc.2019.07.016,AAGL2015_068
32698994,"Other imaging techniques: Double-contrast barium enema, endoscopic ultrasonography, multidetector CT enema, and computed tomography colonoscopy",2020,10.1016/j.bpobgyn.2020.05.011,doi_chain_cited_by,1,doi_chain:10.1016/j.bpobgyn.2020.05.011,AAGL2015_069
32620408,Ultrasonography for bowel endometriosis,2020,10.1016/j.bpobgyn.2020.05.010,doi_chain_cited_by,1,doi_chain:10.1016/j.bpobgyn.2020.05.010,AAGL2015_069
28658710,The Systemic Effects of Endometriosis,2017,10.1055/s-0037-1603582,doi_chain_cited_by,1,doi_chain:10.1055/s-0037-1603582,AAGL2015_070
30629598,Systematic review of quality of life measures in patients with endometriosis,2019,10.1371/journal.pone.0208464,doi_chain_cited_by,1,doi_chain:10.1371/journal.pone.0208464,AAGL2015_071
29889113,The role of appendectomy at the time of laparoscopic surgery for benign gynecologic conditions,2018,10.1097/gco.0000000000000466,doi_chain_cited_by,1,doi_chain:10.1097/gco.0000000000000466,AAGL2015_074
34915872,Incidental neuroendocrine tumor of a complete subserosal appendix: an unusual presentation of a rare anatomical variation. A case report and review of literature,2021,10.1186/s12893-021-01429-3,doi_chain_cited_by,1,doi_chain:10.1186/s12893-021-01429-3,AAGL2015_074
31690531,Current Status of Technical Skills Assessment Tools in Surgery: A Systematic Review,2019,10.1016/j.jss.2019.09.006,doi_chain_cited_by,1,doi_chain:10.1016/j.jss.2019.09.006,AAGL2015_076
26276141,Nephrologists as Educators,2015,10.2215/cjn.12151214,doi_chain_cited_by,1,doi_chain:10.2215/cjn.12151214,AAGL2015_078
29955393,Development of an assessment strategy in preclinical fixed prosthodontics course using virtual assessment software—Part 2,2018,10.1002/cre2.110,doi_chain_cited_by,1,doi_chain:10.1002/cre2.110,AAGL2015_078
33198948,A Systematic Review and Meta-analysis of Surgical Treatment of Ectopic Pregnancy with Salpingectomy versus Salpingostomy,2020,10.1016/j.jmig.2020.10.014,doi_chain_cited_by,1,doi_chain:10.1016/j.jmig.2020.10.014,AAGL2015_080
28821414,Retention of Vaginal Breech Delivery Skills Taught in Simulation,2017,10.1016/j.jogc.2017.06.029,doi_chain_cited_by,1,doi_chain:10.1016/j.jogc.2017.06.029,AAGL2015_081
25493418,Robot-assisted surgery in gynaecology,2014,10.1002/14651858.cd011422,doi_chain_cited_by,1,doi_chain:10.1002/14651858.cd011422,AAGL2015_083
30103881,Pregnancy Outcomes Following Ulipristal Acetate for Uterine Fibroids: A Systematic Review,2018,10.1016/j.jogc.2018.05.020,doi_chain_cited_by,1,doi_chain:10.1016/j.jogc.2018.05.020,AAGL2015_087
29988796,Systematic review and meta-analysis of the efficacy of liposomal bupivacaine in colorectal resections,2018,10.1080/21556660.2018.1487445,doi_chain_cited_by,1,doi_chain:10.1080/21556660.2018.1487445,AAGL2015_088
30515610,The use of 3D laparoscopic imaging systems in surgery: EAES consensus development conference 2018,2018,10.1007/s00464-018-06612-x,doi_chain_cited_by,1,doi_chain:10.1007/s00464-018-06612-x,AAGL2015_089
36852502,Evidence‐based guideline for the prevention and management of perioperative infection,2023,10.1111/jebm.12514,doi_chain_cited_by,1,doi_chain:10.1111/jebm.12514,AAGL2015_093
29422253,Robotic versus laparoscopic radical hysterectomy in early cervical cancer: A case matched control study,2018,10.1016/j.ejso.2018.01.092,doi_chain_cited_by,1,doi_chain:10.1016/j.ejso.2018.01.092,AAGL2015_094
39188736,Advanced surgical tool: Progress in clinical application of intelligent surgical robot,2022,10.1002/smmd.20220021,doi_chain_cited_by,1,doi_chain:10.1002/smmd.20220021,AAGL2015_094
34555876,4K versus 3D total laparoscopic hysterectomy by resident in training: a prospective randomised trial,2021,10.52054/fvvo.13.3.027,doi_chain_cited_by,1,doi_chain:10.52054/fvvo.13.3.027,AAGL2015_094
30936030,Predictors of Overnight Admission After Laparoscopic Myomectomy in a High-Volume Minimally Invasive Gynecologic Surgery Setting,2019,10.1016/j.jmig.2019.03.022,doi_chain_cited_by,1,doi_chain:10.1016/j.jmig.2019.03.022,AAGL2015_095
32273084,Morcellation During Total Laparoscopic Hysterectomies: Implications of the Use of a Contained Bag System,2020,10.1016/j.jogc.2019.11.004,doi_chain_cited_by,1,doi_chain:10.1016/j.jogc.2019.11.004,AAGL2015_095
32943911,"&lt;p&gt;Effects of Additional Intraoperative Administration of Sufentanil on Postoperative Pain, Stress and Inflammatory Responses in Patients Undergoing Laparoscopic Myomectomy: A Double-Blind, Randomized, Placebo-Controlled Trial&lt;/p&gt;",2020,10.2147/jpr.s257337,doi_chain_cited_by,1,doi_chain:10.2147/jpr.s257337,AAGL2015_095
33837139,The analgesic efficacy of liposomal bupivacaine compared with bupivacaine hydrochloride for the prevention of postoperative pain: a systematic review and meta-analysis with trial sequential analysis,2021,10.1136/rapm-2020-102427,doi_chain_cited_by,1,doi_chain:10.1136/rapm-2020-102427,AAGL2016_003
28890674,Treating symptomatic uterine fibroids with myomectomy: current practice and views of UK consultants,2017,10.1186/s10397-017-1014-4,doi_chain_cited_by,1,doi_chain:10.1186/s10397-017-1014-4,AAGL2016_004
30278233,Laparoendoscopic Single-site Surgery for Comprehensive Staging of Early Ovarian Cancer,2018,10.1016/j.jmig.2018.09.781,doi_chain_cited_by,1,doi_chain:10.1016/j.jmig.2018.09.781,AAGL2016_005
26475764,Cost-Effectiveness of Laparoscopic Hysterectomy With Morcellation Compared With Abdominal Hysterectomy for Presumed Myomas,2015,10.1016/j.jmig.2015.09.025,doi_chain_cited_by,1,doi_chain:10.1016/j.jmig.2015.09.025,AAGL2016_010
28029396,Standards of Care in infertility in Europe,2016,10.1016/j.ejogrb.2016.10.003,doi_chain_cited_by,1,doi_chain:10.1016/j.ejogrb.2016.10.003,AAGL2016_013
34532439,Surgical clinical trials with non-inferiority design: a cross-sectional bibliometric analysis,2021,10.21037/atm-21-2626,doi_chain_cited_by,1,doi_chain:10.21037/atm-21-2626,AAGL2016_013
25701429,Hysteroscopy for treating subfertility associated with suspected major uterine cavity abnormalities,2015,10.1002/14651858.cd009461.pub3,doi_chain_cited_by,1,doi_chain:10.1002/14651858.cd009461.pub3,AAGL2016_014
35439645,The Effect of Estrogen in the Prevention of Adhesion Reformation after Hysteroscopic Adhesiolysis: A Prospective Randomized Control Trial,2022,10.1016/j.jmig.2022.04.004,doi_chain_cited_by,1,doi_chain:10.1016/j.jmig.2022.04.004,AAGL2016_014
41256784,Effectiveness of pelvic myofascial trigger point release for the therapy of sexual dysfunction in women after vaginal delivery: A prospective pilot study,2025,10.5606/tftrd.2025.15136,doi_chain_cited_by,1,doi_chain:10.5606/tftrd.2025.15136,AAGL2016_029
31222568,Long-term mesh erosion rate following abdominal robotic reconstructive pelvic floor surgery: a prospective study and overview of the literature,2019,10.1007/s00192-019-03990-1,doi_chain_cited_by,1,doi_chain:10.1007/s00192-019-03990-1,AAGL2016_030
29687171,Sexual function after robot-assisted prolapse surgery: a prospective study,2018,10.1007/s00192-018-3645-z,doi_chain_cited_by,1,doi_chain:10.1007/s00192-018-3645-z,AAGL2016_030
33835255,Evaluation of the learning curve of robot-assisted laparoscopic ventral mesh rectopexy,2021,10.1007/s00464-021-08496-w,doi_chain_cited_by,1,doi_chain:10.1007/s00464-021-08496-w,AAGL2016_030
29894327,Persistent Vaginal Leakage in the Setting of an Apical Vaginal Sinus Tract: A Case Report,2018,10.1097/spv.0000000000000600,doi_chain_cited_by,1,doi_chain:10.1097/spv.0000000000000600,AAGL2016_032
37200382,Women’s experiences of birth and birth options counselling after laparoscopic or open myomectomy,2023,10.1080/01443615.2023.2205516,doi_chain_cited_by,1,doi_chain:10.1080/01443615.2023.2205516,AAGL2016_036
41308864,Video-assisted ovarian sterilization by occluding the vascular supply with a modified Miller's knot and performing bilateral partial excision of the ovaries in the red-eared slider turtle (Trachemys scripta elegans),2025,10.1016/j.tvjl.2025.106504,doi_chain_cited_by,1,doi_chain:10.1016/j.tvjl.2025.106504,AAGL2016_044
31401264,Factors that Influence Applicants Pursuing a Fellowship in Minimally Invasive Gynecologic Surgery,2019,10.1016/j.jmig.2019.08.006,doi_chain_cited_by,1,doi_chain:10.1016/j.jmig.2019.08.006,AAGL2016_051
26755441,Intraperitoneal chemotherapy for the initial management of primary epithelial ovarian cancer,2016,10.1002/14651858.cd005340.pub4,doi_chain_cited_by,1,doi_chain:10.1002/14651858.cd005340.pub4,AAGL2016_058
39367673,The Role of Indocyanine Green With Near-Infrared Imaging for the Intraoperative Detection and Enhancement of Endometriosis Lesions: A Narrative Review,2024,10.1177/15533506241290079,doi_chain_cited_by,1,doi_chain:10.1177/15533506241290079,AAGL2016_068
29465552,"Diagnostic accuracy of magnetic resonance imaging, transvaginal, and transrectal ultrasonography in deep infiltrating endometriosis",2018,10.1097/md.0000000000009536,doi_chain_cited_by,1,doi_chain:10.1097/md.0000000000009536,AAGL2016_069
36333881,Evaluation and comparison of the accuracy of transvaginal ultrasound and <scp>MRI</scp> for the diagnosis of deep rectal endometriosis: A cross‐sectional study,2022,10.1002/ijgo.14554,doi_chain_cited_by,1,doi_chain:10.1002/ijgo.14554,AAGL2016_069
30095613,Altered long noncoding RNAs and survival outcomes in ovarian cancer,2018,10.1097/md.0000000000011481,doi_chain_cited_by,1,doi_chain:10.1097/md.0000000000011481,AAGL2016_077
33621920,The role of altered long noncoding RNAs in overall survival of ovarian cancer: A systematic review and meta-analysis,2021,10.1016/j.prp.2021.153363,doi_chain_cited_by,1,doi_chain:10.1016/j.prp.2021.153363,AAGL2016_077
39155686,More than meets the eye: Augmented reality in surgical oncology,2024,10.1002/jso.27790,doi_chain_cited_by,1,doi_chain:10.1002/jso.27790,AAGL2016_085
30276561,Surgical site infection: the “Achilles Heel” of all types of abdominal wall hernia reconstruction,2018,10.1007/s10029-018-1826-9,doi_chain_cited_by,1,doi_chain:10.1007/s10029-018-1826-9,AAGL2016_090
28966031,Multicenter outcomes of robotic reconstruction during the early learning curve for minimally-invasive pancreaticoduodenectomy,2017,10.1016/j.hpb.2017.08.032,doi_chain_cited_by,1,doi_chain:10.1016/j.hpb.2017.08.032,AAGL2016_090
27500339,Outcomes and Postoperative Complications After Hysterectomies Performed for Benign Compared With Malignant Indications,2016,10.1097/aog.0000000000001591,doi_chain_cited_by,1,doi_chain:10.1097/aog.0000000000001591,AAGL2016_090
30973510,Short-term Outcomes Following Cervical Laminoplasty and Decompression and Fusion With Instrumentation,2019,10.1097/brs.0000000000003057,doi_chain_cited_by,1,doi_chain:10.1097/brs.0000000000003057,AAGL2016_090
28830509,Peri-operative factors predisposing to pharyngocutaneous fistula after total laryngectomy: Analysis of a large multi-institutional patient cohort,2017,10.1186/s40463-017-0233-z,doi_chain_cited_by,1,doi_chain:10.1186/s40463-017-0233-z,AAGL2016_090
28263941,Assessing Hospital Performance After Percutaneous Coronary Intervention Using Big Data,2016,10.1161/circoutcomes.116.002826,doi_chain_cited_by,1,doi_chain:10.1161/circoutcomes.116.002826,AAGL2016_090
33838237,"Evaluation of Factors Associated with, and Outcomes for Patients with Nonhome Discharge Destinations Following Carotid Endarterectomy",2021,10.1016/j.avsg.2021.02.026,doi_chain_cited_by,1,doi_chain:10.1016/j.avsg.2021.02.026,AAGL2016_090
30611974,Characteristics Associated with Prolonged Length of Stay after Myomectomy for Uterine Myomas,2019,10.1016/j.jmig.2018.12.015,doi_chain_cited_by,1,doi_chain:10.1016/j.jmig.2018.12.015,AAGL2016_090
34235098,Ergonomics and Surgeon Comfort During Flexible Ureteroscopy,2021,10.2147/rru.s317347,doi_chain_cited_by,1,doi_chain:10.2147/rru.s317347,AAGL2016_091
30253997,"Quality of Life, Adverse Events, and Reintervention Outcomes after Laparoscopic Radiofrequency Ablation for Symptomatic Uterine Fibroids: A Meta-Analysis",2018,10.1016/j.jmig.2018.09.772,doi_chain_cited_by,1,doi_chain:10.1016/j.jmig.2018.09.772,AAGL2016_096
36032424,Evaluation of definitive histopathological results of patients diagnosed with endometrial polyps: a tertiary care center experience,2022,10.4314/ahs.v22i1.16,doi_chain_cited_by,1,doi_chain:10.4314/ahs.v22i1.16,AAGL2018_002
38438151,Endometrial polyps,2024,10.1503/cmaj.230716,doi_chain_cited_by,1,doi_chain:10.1503/cmaj.230716,AAGL2018_002
36724424,Effectiveness and patient satisfaction with office hysteroscopic polypectomy in patients with symptomatic endometrial polyps,2022,10.52054/fvvo.14.4.045,doi_chain_cited_by,1,doi_chain:10.52054/fvvo.14.4.045,AAGL2018_002
38885974,Polypes endométriaux,2024,10.1503/cmaj.230716-f,doi_chain_cited_by,1,doi_chain:10.1503/cmaj.230716-f,AAGL2018_002
35251394,Too big? A review of methods for removing large endometrial polyps in office minihysteroscopy - broadening the indications for the procedure in the COVID-19 pandemic.,2021,10.5114/wiitm.2021.107762,doi_chain_cited_by,1,doi_chain:10.5114/wiitm.2021.107762,AAGL2018_003
31929332,The Volume-Outcome Paradigm for Gynecologic Surgery: Clinical and Policy Implications,2020,10.1097/grf.0000000000000518,doi_chain_cited_by,1,doi_chain:10.1097/grf.0000000000000518,AAGL2018_010
41061954,Pediatric Robotic Gynecologic Surgery: A Retrospective Institutional Experience and Systematic Review,2025,10.1016/j.jpedsurg.2025.162713,doi_chain_cited_by,1,doi_chain:10.1016/j.jpedsurg.2025.162713,AAGL2018_017
36071993,Intraoperative Laparoscopic Ultrasound Increases Fibroid Detection During Laparoscopic Myomectomy,2022,10.4293/jsls.2022.00038,doi_chain_cited_by,1,doi_chain:10.4293/jsls.2022.00038,AAGL2018_019
34856580,The Effect of Cryotherapy Application on Postoperative Pain,2021,10.1097/sla.0000000000004987,doi_chain_cited_by,1,doi_chain:10.1097/sla.0000000000004987,AAGL2018_021
32934694,Application of the da&amp;nbsp;Vinci surgical robot system in presacral nerve sheath tumor treatment,2020,10.3892/ol.2020.11984,doi_chain_cited_by,1,doi_chain:10.3892/ol.2020.11984,AAGL2018_026
31913153,Controversies in Female Genital Cosmetic Surgeries,2020,10.1097/grf.0000000000000519,doi_chain_cited_by,1,doi_chain:10.1097/grf.0000000000000519,AAGL2018_030
36918177,Diagnosis and management of endometriosis,2023,10.1503/cmaj.220637,doi_chain_cited_by,1,doi_chain:10.1503/cmaj.220637,AAGL2018_038
34016820,Racial and ethnic disparities in access to minimally invasive gynecologic surgery for benign pathology,2021,10.1097/gco.0000000000000719,doi_chain_cited_by,1,doi_chain:10.1097/gco.0000000000000719,AAGL2018_038
39031100,Assessing the true prevalence of endometriosis: A narrative review of literature data,2024,10.1002/ijgo.15756,doi_chain_cited_by,1,doi_chain:10.1002/ijgo.15756,AAGL2018_038
36763925,Racialized differences across experiences and measurements of pain in genitopelvic pain/penetration disorder,2023,10.1093/jsxmed/qdac028,doi_chain_cited_by,1,doi_chain:10.1093/jsxmed/qdac028,AAGL2018_038
37336562,Diagnostic et gestion thérapeutique de l’endométriose,2023,10.1503/cmaj.220637-f,doi_chain_cited_by,1,doi_chain:10.1503/cmaj.220637-f,AAGL2018_038
34101661,Factors contributing to persistent disparate outcomes of in vitro fertilization treatment,2021,10.1097/gco.0000000000000726,doi_chain_cited_by,1,doi_chain:10.1097/gco.0000000000000726,AAGL2018_038
38322639,Successful Management of Cervical Ectopic Pregnancy: A Multidisciplinary Approach Utilising Uterine Artery Embolisation and Hysteroscopic Resection,2023,10.4103/jhrs.jhrs_119_23,doi_chain_cited_by,1,doi_chain:10.4103/jhrs.jhrs_119_23,AAGL2018_042
34336601,Single-dose intramuscular methotrexate for treatment of cervical ectopic pregnancy: A case report,2021,10.1016/j.crwh.2021.e00340,doi_chain_cited_by,1,doi_chain:10.1016/j.crwh.2021.e00340,AAGL2018_042
36650995,The role of contrast‐enhanced ultrasound in the diagnosis and guiding therapy of early cervical ectopic pregnancy,2023,10.1002/jcu.23425,doi_chain_cited_by,1,doi_chain:10.1002/jcu.23425,AAGL2018_042
36944741,Video-based learning of coping strategies for common errors improves laparoscopy training—a randomized study,2023,10.1007/s00464-023-09969-w,doi_chain_cited_by,1,doi_chain:10.1007/s00464-023-09969-w,AAGL2018_055
33255531,Ovariopexy—Before and after Endometriosis Surgery,2020,10.3390/biomedicines8120533,doi_chain_cited_by,1,doi_chain:10.3390/biomedicines8120533,AAGL2018_060
35148732,Hyaluronic acid gel application versus ovarian suspension for prevention of ovarian adhesions during laparoscopic surgery on endometrioma: a double-blind randomized clinical trial,2022,10.1186/s12905-022-01607-2,doi_chain_cited_by,1,doi_chain:10.1186/s12905-022-01607-2,AAGL2018_060
40503351,The Efficacy of Hyaluronic Acid in Reducing Pelvic Adhesions in Patients Undergoing Gynecologic Laparoscopic Surgery: A Meta‐Analysis of Randomized Clinical Trials,2025,10.1002/hsr2.70887,doi_chain_cited_by,1,doi_chain:10.1002/hsr2.70887,AAGL2018_060
36583289,Tips and tricks for adnexal lifting and mobilisation during laparoscopic cystectomy,2022,10.4274/jtgga.galenos.2022.2022.8-8,doi_chain_cited_by,1,doi_chain:10.4274/jtgga.galenos.2022.2022.8-8,AAGL2018_060
39820367,The Learning Curve in Urogynecology and Functional Urology: A Systematic Review,2025,10.1007/s00192-024-06016-7,doi_chain_cited_by,1,doi_chain:10.1007/s00192-024-06016-7,AAGL2018_067
34192565,Rethinking Disparities in Minimally Invasive Myomectomy: Identifying Drivers of Disparate Surgical Approach to Myomectomy Between African American and White Women,2021,10.1016/j.jmig.2021.06.016,doi_chain_cited_by,1,doi_chain:10.1016/j.jmig.2021.06.016,AAGL2018_069
33849711,Perceptions and experiences of simulation-based assessment of technical skill in surgery: A scoping review,2021,10.1016/j.amjsurg.2021.03.035,doi_chain_cited_by,1,doi_chain:10.1016/j.amjsurg.2021.03.035,AAGL2018_078
39777377,Enhancing Surgical Curriculum: Trainees' Perspectives on Laparoscopic Simulation and Assessment,2025,10.7759/cureus.77054,doi_chain_cited_by,1,doi_chain:10.7759/cureus.77054,AAGL2018_078
31401264,Factors that Influence Applicants Pursuing a Fellowship in Minimally Invasive Gynecologic Surgery,2019,10.1016/j.jmig.2019.08.006,doi_chain_cited_by,1,doi_chain:10.1016/j.jmig.2019.08.006,AAGL2018_079
31923067,Hysterectomy Route and Numbers Reported by Graduating Residents in Obstetrics and Gynecology Training Programs,2020,10.1097/aog.0000000000003637,doi_chain_cited_by,1,doi_chain:10.1097/aog.0000000000003637,AAGL2018_092
32412972,The Surgical Approach to Abdominal Sacrocolpopexy and Concurrent Hysterectomy: Trends for the Past Decade,2020,10.1097/spv.0000000000000891,doi_chain_cited_by,1,doi_chain:10.1097/spv.0000000000000891,AAGL2018_092
31850944,"Tissue Extraction in Gynecologic Surgery: Past, Present, and Future",2019,10.1097/grf.0000000000000511,doi_chain_cited_by,1,doi_chain:10.1097/grf.0000000000000511,AAGL2018_092
38248429,Internal Iliac Artery Ligation in Obstetrics and Gynecology: Surgical Anatomy and Surgical Considerations,2023,10.3390/clinpract14010005,doi_chain_cited_by,1,doi_chain:10.3390/clinpract14010005,AAGL2019_002
36573361,Branching pattern of the internal iliac artery accompanied by a venous anastomosis: rare vascular variations,2022,10.5603/fm.a2022.0111,doi_chain_cited_by,1,doi_chain:10.5603/fm.a2022.0111,AAGL2019_002
36200382,"The effects of hysteroscopy and laparoscopy for scar diverticulum resection and suture on blood loss, operation time and antibiotic time",2022,10.1080/01443615.2022.2122708,doi_chain_cited_by,1,doi_chain:10.1080/01443615.2022.2122708,AAGL2019_005
37794436,Two cleft palate simulators of Furlow double-opposing Z- palatoplasty: a comparative study,2023,10.1186/s12893-023-02201-5,doi_chain_cited_by,1,doi_chain:10.1186/s12893-023-02201-5,AAGL2019_012
31248922,Barriers to care for women with low-grade endometrial cancer and morbid obesity: a qualitative study,2019,10.1136/bmjopen-2018-026872,doi_chain_cited_by,1,doi_chain:10.1136/bmjopen-2018-026872,AAGL2019_013
34239755,Robotic Subtotal Cholecystectomy in a Geriatric Acute Care Surgery Patient with Super Obesity,2021,10.1155/2021/9992622,doi_chain_cited_by,1,doi_chain:10.1155/2021/9992622,AAGL2019_013
35117377,Preoperative assessment of endometrial cancer,2020,10.21037/tcr-20-2068,doi_chain_cited_by,1,doi_chain:10.21037/tcr-20-2068,AAGL2019_013
32506474,Value of robotic surgery in endometrial cancer by body mass index,2020,10.1002/ijgo.13258,doi_chain_cited_by,1,doi_chain:10.1002/ijgo.13258,AAGL2019_013
33371216,Obesity Epidemic—The Underestimated Risk of Endometrial Cancer,2020,10.3390/cancers12123860,doi_chain_cited_by,1,doi_chain:10.3390/cancers12123860,AAGL2019_013
31620976,"Perceptions, Relationship, and Management of Morbidly Obese Patients and the Role of Robotic Surgery",2019,10.1007/s11695-019-04224-5,doi_chain_cited_by,1,doi_chain:10.1007/s11695-019-04224-5,AAGL2019_013
35281711,Robot-Assisted Total Laparoscopic Hysterectomy in Different Classes of Obesity: A Cohort Study,2022,10.4293/jsls.2021.00077,doi_chain_cited_by,1,doi_chain:10.4293/jsls.2021.00077,AAGL2019_013
40842222,Robotic Hysterectomy for Endometrial Cancer in Class III Obesity: 13 Years of Experience From a UK Epicentre in Guildford,2025,10.1002/rcs.70101,doi_chain_cited_by,1,doi_chain:10.1002/rcs.70101,AAGL2019_013
41961195,Trends and comparative study of robotic-assisted benign hysterectomy among morbidly obese patients in united States,2026,10.1007/s11701-025-02991-1,doi_chain_cited_by,1,doi_chain:10.1007/s11701-025-02991-1,AAGL2019_013
34033911,Surgical Outcomes of Hysterectomy via Robot-assisted versus Traditional Transvaginal Natural Orifice Transluminal Endoscopic Surgery,2021,10.1016/j.jmig.2021.05.014,doi_chain_cited_by,1,doi_chain:10.1016/j.jmig.2021.05.014,AAGL2019_026
39797374,Robotic Rectus Abdominis Myoperitoneal Flap for Posterior Vaginal Wall Reconstruction: Experience at a Single Institution,2025,10.3390/jcm14010292,doi_chain_cited_by,1,doi_chain:10.3390/jcm14010292,AAGL2019_030
33581845,Exosomal microRNAs and exosomal long non-coding RNAs in gynecologic cancers,2021,10.1016/j.ygyno.2021.02.004,doi_chain_cited_by,1,doi_chain:10.1016/j.ygyno.2021.02.004,AAGL2019_039
32850438,Role of Non-coding RNAs in the Pathogenesis of Endometriosis,2020,10.3389/fonc.2020.01370,doi_chain_cited_by,1,doi_chain:10.3389/fonc.2020.01370,AAGL2019_039
37480408,Exosomal microRNAs and long noncoding RNAs: as novel biomarkers for endometriosis,2023,10.1007/s00441-023-03802-5,doi_chain_cited_by,1,doi_chain:10.1007/s00441-023-03802-5,AAGL2019_039
39188680,The role of ncRNAs and exosomes in the development and progression of endometrial cancer,2024,10.3389/fonc.2024.1418005,doi_chain_cited_by,1,doi_chain:10.3389/fonc.2024.1418005,AAGL2019_039
34032726,The value of long noncoding RNAs for predicting the recurrence of endometriosis,2021,10.1097/md.0000000000026036,doi_chain_cited_by,1,doi_chain:10.1097/md.0000000000026036,AAGL2019_039
35577245,Short- and Long-term Outcomes of Postoperative Intrauterine Application of Hyaluronic Acid Gel: A Meta-analysis of Randomized Controlled Trials,2022,10.1016/j.jmig.2022.05.006,doi_chain_cited_by,1,doi_chain:10.1016/j.jmig.2022.05.006,AAGL2019_047
35372574,Anatomical Engineering and 3D Printing for Surgery and Medical Devices: International Review and Future Exponential Innovations,2022,10.1155/2022/6797745,doi_chain_cited_by,1,doi_chain:10.1155/2022/6797745,AAGL2019_062
36932284,Individualized medicine using 3D printing technology in gynecology: a scoping review,2023,10.1186/s41205-023-00169-9,doi_chain_cited_by,1,doi_chain:10.1186/s41205-023-00169-9,AAGL2019_062
35372574,Anatomical Engineering and 3D Printing for Surgery and Medical Devices: International Review and Future Exponential Innovations,2022,10.1155/2022/6797745,doi_chain_cited_by,1,doi_chain:10.1155/2022/6797745,AAGL2019_063
34224043,A review and guide to creating patient specific 3D printed anatomical models from MRI for benign gynecologic surgery,2021,10.1186/s41205-021-00107-7,doi_chain_cited_by,1,doi_chain:10.1186/s41205-021-00107-7,AAGL2019_063
39729620,Preoperative surgical planning MRI for fibroids: What the surgeon needs to know and what to report,2024,10.1111/1754-9485.13816,doi_chain_cited_by,1,doi_chain:10.1111/1754-9485.13816,AAGL2019_063
35895966,"Intraoperative dyes, fluorescence and enhanced imaging in benign gynaecologic surgery",2022,10.1097/gco.0000000000000793,doi_chain_cited_by,1,doi_chain:10.1097/gco.0000000000000793,AAGL2019_063
38690153,Transvaginally Adjustable Apical Suspension and Compartment-Specific Tensioning in Vaginal Natural-Orifice Transluminal Endoscopic Surgery Sacrocolpopexy: Cadaveric and Live Patient Experience,2024,10.1089/gyn.2023.0120,doi_chain_cited_by,1,doi_chain:10.1089/gyn.2023.0120,AAGL2019_071
41914717,The effect of temporary uterine artery ligation on blood loss during laparoscopic myomectomy: A systematic review and meta‐analysis,2026,10.1111/aogs.70177,doi_chain_cited_by,1,doi_chain:10.1111/aogs.70177,AAGL2019_072
39647776,"Transvaginal Natural Orifice Transluminal Endoscopic Surgery (vNOTES) in Benign Gynaecology: A Systematic Review of Adnexal, Myomectomy and Prolapse Procedures",2024,10.1016/j.jmig.2024.11.004,doi_chain_cited_by,1,doi_chain:10.1016/j.jmig.2024.11.004,AAGL2019_083
36075745,Outpatient hysteroscopic removal of intrauterine devices in early pregnancy: feasibility and outcomes,2022,10.1016/j.fertnstert.2022.07.005,doi_chain_cited_by,1,doi_chain:10.1016/j.fertnstert.2022.07.005,AAGL2019_085
39277103,Two-Year Follow-Up on Surgical Outcomes of vNOTES High Uterosacral Ligament Suspension for the Prophylaxis and Treatment of Pelvic Organ Prolapse: A Multicenter Prospective Cohort Study,2024,10.1016/j.jmig.2024.09.007,doi_chain_cited_by,1,doi_chain:10.1016/j.jmig.2024.09.007,AAGL2019_089
32967055,Apical pelvic organ prolapse repair via vaginal‐assisted natural orifice transluminal endoscopic surgery: Initial experience from a tertiary care hospital,2020,10.1111/ases.12863,doi_chain_cited_by,1,doi_chain:10.1111/ases.12863,AAGL2019_089
40586910,Outcomes of Transvaginal Natural Orifice Transluminal Endoscopic Surgery (vNOTES) for Uterosacral Ligament Suspension in Apical Compartment Prolapse: A Systematic Review,2025,10.1007/s00192-025-06195-x,doi_chain_cited_by,1,doi_chain:10.1007/s00192-025-06195-x,AAGL2019_089
37548497,Current status and outlook of minimally invasive treatment for leiomyomas,2023,10.5603/gp.a2023.0065,doi_chain_cited_by,1,doi_chain:10.5603/gp.a2023.0065,AAGL2020_001
39964372,Thoracic endometriosis syndrome: imaging findings and the value of a dedicated MRI protocol,2025,10.1007/s00261-025-04835-w,doi_chain_cited_by,1,doi_chain:10.1007/s00261-025-04835-w,AAGL2020_007
35896179,Prophylactic tranexamic acid to reduce blood loss and related morbidities during hysterectomy: a systematic review and meta-analysis of randomized controlled trials,2022,10.5468/ogs.22115,doi_chain_cited_by,1,doi_chain:10.5468/ogs.22115,AAGL2020_013
41533074,Local Tranexamic Acid Infiltration for Prophylactic Hemorrhage Control in Vaginal Hysterectomy: Double-Blinded Randomized Placebo-Controlled Trial,2026,10.1007/s00192-025-06497-0,doi_chain_cited_by,1,doi_chain:10.1007/s00192-025-06497-0,AAGL2020_013
41253245,Association Between Surgical Approaches for Benign Hysterectomy and Postoperative Bowel Obstruction Risk: A Nationwide Retrospective Analysis (2002–2021),2025,10.1016/j.jmig.2025.11.002,doi_chain_cited_by,1,doi_chain:10.1016/j.jmig.2025.11.002,AAGL2020_017
35895968,Prevention and management of vaginal cuff dehiscence: an updated review,2022,10.1097/gco.0000000000000791,doi_chain_cited_by,1,doi_chain:10.1097/gco.0000000000000791,AAGL2020_023
40623784,Placenta accreta spectrum as a complication of transabdominal cerclage,2025,10.1136/bcr-2024-264194,doi_chain_cited_by,1,doi_chain:10.1136/bcr-2024-264194,AAGL2020_034
37493538,Surgery for women with apical vaginal prolapse,2023,10.1002/14651858.cd012376.pub2,doi_chain_cited_by,1,doi_chain:10.1002/14651858.cd012376.pub2,AAGL2020_037
34954411,The Fragility of Statistically Significant Results in Gynaecologic Surgery: A Systematic Review,2021,10.1016/j.jogc.2021.11.016,doi_chain_cited_by,1,doi_chain:10.1016/j.jogc.2021.11.016,AAGL2020_042
34293514,A Systematic Review and Meta-Analysis of the Effect of Intraoperative Bupivacaine in Gynaecologic Surgery After 24 Hours or 9 Half-Lives,2021,10.1016/j.jogc.2021.06.010,doi_chain_cited_by,1,doi_chain:10.1016/j.jogc.2021.06.010,AAGL2020_054
40114413,Enhancing aesthetic outcomes in primary umbilical endometriosis: Novel four‐flap neoumbilicoplasty with case insights and comprehensive literature review,2025,10.1111/jog.16271,doi_chain_cited_by,1,doi_chain:10.1111/jog.16271,AAGL2020_057
34054100,"Abdominal wall endometriosis: an update in diagnosis, perioperative considerations and management",2021,10.1097/gco.0000000000000714,doi_chain_cited_by,1,doi_chain:10.1097/gco.0000000000000714,AAGL2020_060
39821247,Percutaneous cryoablation therapy for abdominal wall endometriosis: a systematic review and meta-analysis,2025,10.1093/bjr/tqaf009,doi_chain_cited_by,1,doi_chain:10.1093/bjr/tqaf009,AAGL2020_060
37043216,Effect of Smartphone App Postoperative Home Monitoring After Oncologic Surgery on Quality of Recovery,2023,10.1001/jamasurg.2023.0616,doi_chain_cited_by,1,doi_chain:10.1001/jamasurg.2023.0616,AAGL2020_066
35895971,The role of telemedicine in minimally invasive gynecologic surgery,2022,10.1097/gco.0000000000000790,doi_chain_cited_by,1,doi_chain:10.1097/gco.0000000000000790,AAGL2020_066
40157523,Increased vaginal cuff dehiscence among gender diverse people on testosterone,2025,10.1016/j.ajog.2025.03.027,doi_chain_cited_by,1,doi_chain:10.1016/j.ajog.2025.03.027,AAGL2020_066
38061491,Utility of Routine Postoperative Examination for Detecting Vaginal Cuff Dehiscence After Total Laparoscopic Hysterectomy,2023,10.1016/j.jmig.2023.12.001,doi_chain_cited_by,1,doi_chain:10.1016/j.jmig.2023.12.001,AAGL2020_066
37266572,Perioperative visits in minimally invasive gynecologic surgery,2023,10.1097/gco.0000000000000883,doi_chain_cited_by,1,doi_chain:10.1097/gco.0000000000000883,AAGL2020_066
39357857,European Society for Gynaecological Endoscopy (ESGE) Good Practice Recommendations on surgical techniques for removal of fibroids: part 1 abdominal (laparoscopic and open) myomectomy,2024,10.52054/fvvo.16.3.041,doi_chain_cited_by,1,doi_chain:10.52054/fvvo.16.3.041,AAGL2020_072
41381199,Necrotising soft tissue infection following myomectomy: a devastating postoperative complication,2025,10.1136/bcr-2025-270214,doi_chain_cited_by,1,doi_chain:10.1136/bcr-2025-270214,AAGL2020_072
41389730,Efficacy and safety of relugolix therapy for symptomatic uterine fibroids: a systematic review and meta-analysis,2025,10.1016/j.ejogrb.2025.114889,doi_chain_cited_by,1,doi_chain:10.1016/j.ejogrb.2025.114889,AAGL2020_075
40678846,The Introduction of the <scp>vNOTES</scp> Hysterectomy in The Netherlands: A Nationwide Cohort Study,2025,10.1111/1471-0528.18307,doi_chain_cited_by,1,doi_chain:10.1111/1471-0528.18307,AAGL2020_087
41483609,The impact of total laparoscopic excision of deep endometriosis (DE) on bladder and bowel dysfunction: a prospective longitudinal study,2025,10.1016/j.ejogrb.2025.114924,doi_chain_cited_by,1,doi_chain:10.1016/j.ejogrb.2025.114924,AAGL2021_001
35792536,"Is There a Role for Minimally Invasive Surgery in Cervical Cancer Treatment: Carry on, Discard, or Modify? A Literature Review and Case Series Presentation",2022,10.21614/chirurgia.2697,doi_chain_cited_by,1,doi_chain:10.21614/chirurgia.2697,AAGL2021_002
38608629,Rapid screening of infertility-associated gynecological conditions via ambient glow discharge mass spectrometry utilizing urine metabolic fingerprints,2024,10.1016/j.talanta.2024.125969,doi_chain_cited_by,1,doi_chain:10.1016/j.talanta.2024.125969,AAGL2021_025
36621635,External Validation of the “2021 AAGL Endometriosis Classification”: A Retrospective Cohort Study,2023,10.1016/j.jmig.2022.12.012,doi_chain_cited_by,1,doi_chain:10.1016/j.jmig.2022.12.012,AAGL2021_027
38896105,Inter‐observer reproducibility of the 2021 <scp>AAGL</scp> Endometriosis Classification,2024,10.1111/ajo.13851,doi_chain_cited_by,1,doi_chain:10.1111/ajo.13851,AAGL2021_027
39479573,Sensitive and Cost‐Effective Tools in the Detection of Ovarian Cancer Biomarkers,2024,10.1002/ansa.202400029,doi_chain_cited_by,1,doi_chain:10.1002/ansa.202400029,AAGL2021_027
40740165,Clinical Guidance Paper VVOG: Pharmacological treatment of endometriosis-related pain,2025,10.1016/j.eurox.2025.100403,doi_chain_cited_by,1,doi_chain:10.1016/j.eurox.2025.100403,AAGL2021_030
37266572,Perioperative visits in minimally invasive gynecologic surgery,2023,10.1097/gco.0000000000000883,doi_chain_cited_by,1,doi_chain:10.1097/gco.0000000000000883,AAGL2021_047
38860512,Repurposing indocyanine green: exploring the potential of an old drug in modern medicine,2024,10.1039/d4nr00283k,doi_chain_cited_by,1,doi_chain:10.1039/d4nr00283k,AAGL2021_048
35895966,"Intraoperative dyes, fluorescence and enhanced imaging in benign gynaecologic surgery",2022,10.1097/gco.0000000000000793,doi_chain_cited_by,1,doi_chain:10.1097/gco.0000000000000793,AAGL2021_048
40297644,Vision techniques for anatomical structures in laparoscopic surgery: a comprehensive review,2025,10.3389/fsurg.2025.1557153,doi_chain_cited_by,1,doi_chain:10.3389/fsurg.2025.1557153,AAGL2021_050
37053594,Radiofrequency Ablation of Leiomyomas,2023,10.1097/aog.0000000000005196,doi_chain_cited_by,1,doi_chain:10.1097/aog.0000000000005196,AAGL2021_064
37548497,Current status and outlook of minimally invasive treatment for leiomyomas,2023,10.5603/gp.a2023.0065,doi_chain_cited_by,1,doi_chain:10.5603/gp.a2023.0065,AAGL2021_064
39184254,Myomectomy: Choosing the Surgical Approach – A Systematic Review,2024,10.4103/gmit.gmit_152_23,doi_chain_cited_by,1,doi_chain:10.4103/gmit.gmit_152_23,AAGL2021_070
36536842,"Long-term results of transcervical, intrauterine ultrasound-guided radiofrequency ablation of uterine fibroids with the Sonata System: a retrospective follow-up study",2022,10.1016/j.xagr.2022.100087,doi_chain_cited_by,1,doi_chain:10.1016/j.xagr.2022.100087,AAGL2021_071
38928251,Diagnostic Value of Autoantibodies against Steroidogenic Enzymes and Hormones in Infertile Women with Premature Ovarian Insufficiency,2024,10.3390/ijms25126545,doi_chain_cited_by,1,doi_chain:10.3390/ijms25126545,AAGL2021_075
39052892,Gender Differences in Letters of Recommendations and Personal Statements for Neurotology Fellowship over 10 Years: A Deep Learning Linguistic Analysis,2024,10.1097/mao.0000000000004265,doi_chain_cited_by,1,doi_chain:10.1097/mao.0000000000004265,AAGL2021_079
37580240,Gender and Language in Letters of Recommendation for Obstetrics and Gynecology Fellowship Applications,2023,10.1016/j.jsurg.2023.07.003,doi_chain_cited_by,1,doi_chain:10.1016/j.jsurg.2023.07.003,AAGL2021_079
36904830,3D Autonomous Surgeon’s Hand Movement Assessment Using a Cascaded Fuzzy Supervisor in Multi-Thread Video Processing,2023,10.3390/s23052623,doi_chain_cited_by,1,doi_chain:10.3390/s23052623,AAGL2021_082
36938183,Paraurethral Endometriosis as a Common Pathology in an Uncommon Location: A Case Report and a Review of the Literature,2023,10.7759/cureus.35024,doi_chain_cited_by,1,doi_chain:10.7759/cureus.35024,AAGL2021_092
40326263,Bleeding vs Thrombosis: Treatment Strategy for Women Having Large Uterine Fibroids and DVT,2024,10.2174/0127724328317631240925051326,doi_chain_cited_by,1,doi_chain:10.2174/0127724328317631240925051326,AAGL2022_005
39651573,Management of endometriosis: a call to multidisciplinary approach,2024,10.1515/jom-2024-0105,doi_chain_cited_by,1,doi_chain:10.1515/jom-2024-0105,AAGL2022_008
38792407,Gastrointestinal Myoelectrical Activity (GIMA) Biomarker for Noninvasive Diagnosis of Endometriosis,2024,10.3390/jcm13102866,doi_chain_cited_by,1,doi_chain:10.3390/jcm13102866,AAGL2022_010
38726676,Comparison of Postoperative Outcomes Among Patients Treated by Male Versus Female Surgeons,2024,10.1097/sla.0000000000006339,doi_chain_cited_by,1,doi_chain:10.1097/sla.0000000000006339,AAGL2022_022
37192723,Prospective Cohort Study Quantifying the Effect of the LevaLap 1.0 on the Distance between the Abdominal Wall and Intra-abdominal Viscera,2023,10.1016/j.jmig.2023.05.004,doi_chain_cited_by,1,doi_chain:10.1016/j.jmig.2023.05.004,AAGL2022_022
40304484,Automated Operative Phase and Step Recognition in Vestibular Schwannoma Surgery: Development and Preclinical Evaluation of a Deep Learning Neural Network (IDEAL Stage 0),2025,10.1227/neu.0000000000003466,doi_chain_cited_by,1,doi_chain:10.1227/neu.0000000000003466,AAGL2022_031
38848990,Routine Automated Assessment Using Surgical Intelligence Reveals Substantial Time Spent Outside the Patient's Body in Minimally Invasive Gynecological Surgeries,2024,10.1016/j.jmig.2024.05.028,doi_chain_cited_by,1,doi_chain:10.1016/j.jmig.2024.05.028,AAGL2022_031
41813393,Using repeated laparoscopic pectopexy (LP) for treating recurrent pelvic organ prolapse after previous LP,2026,10.1016/j.tjog.2026.01.007,doi_chain_cited_by,1,doi_chain:10.1016/j.tjog.2026.01.007,AAGL2022_046
37980868,Robotic-assisted surgery in high-risk surgical patients with endometrial cancer,2023,10.1016/j.bpobgyn.2023.102421,doi_chain_cited_by,1,doi_chain:10.1016/j.bpobgyn.2023.102421,AAGL2022_049
38897289,Management of Intrauterine Device Complication Due to Cervical Fibroid: A Laparoscopic Approach,2024,10.1016/j.jmig.2024.06.009,doi_chain_cited_by,1,doi_chain:10.1016/j.jmig.2024.06.009,AAGL2022_064
38504917,Robotic surgery for deep-infiltrating endometriosis: is it time to take a step forward?,2024,10.3389/fmed.2024.1387036,doi_chain_cited_by,1,doi_chain:10.3389/fmed.2024.1387036,AAGL2022_083
39200818,Neuropelveology for Endometriosis Management: A Systematic Review and Multilevel Meta-Analysis,2024,10.3390/jcm13164676,doi_chain_cited_by,1,doi_chain:10.3390/jcm13164676,AAGL2022_083
41362084,Online Cognitive-Behavioral Programs for Women Living With Endometriosis: Protocol for a Scoping Review,2025,10.2196/75981,doi_chain_cited_by,1,doi_chain:10.2196/75981,AAGL2022_087
38628776,Molar cesarean scar ectopic pregnancy: Report of 2 cases with review of literature,2024,10.18502/ijrm.v22i2.15714,doi_chain_cited_by,1,doi_chain:10.18502/ijrm.v22i2.15714,AAGL2022_097
39223035,Education level is associated with the occurrence and timing of hysterectomy: A cohort study of Canadian women,2024,10.1111/aogs.14959,doi_chain_cited_by,1,doi_chain:10.1111/aogs.14959,AAGL2023_005
41002945,Genitopelvic Pain: A Scoping Review of Studies in Minoritized Samples,2025,10.1080/00224499.2025.2562579,doi_chain_cited_by,1,doi_chain:10.1080/00224499.2025.2562579,AAGL2023_018
38801151,Hysteroscopy needs of indigenous communities in Northern Quebec: a retrospective cohort study,2024,10.1080/22423982.2024.2359162,doi_chain_cited_by,1,doi_chain:10.1080/22423982.2024.2359162,AAGL2023_024
39160077,Outpatient Hysteroscopy,2024,10.1111/1471-0528.17907,doi_chain_cited_by,1,doi_chain:10.1111/1471-0528.17907,AAGL2023_028
39303369,Inhaled methoxyflurane (Penthrox®) as a novel pain relief for outpatient hysteroscopy and other gynaecological procedures,2024,10.1016/j.ejogrb.2024.09.002,doi_chain_cited_by,1,doi_chain:10.1016/j.ejogrb.2024.09.002,AAGL2023_028
40033793,Gender Bias in Pain Management: The Case for Updating Analgesia Guidelines for Intrauterine Device Insertion Procedures,2025,10.1111/ajo.70010,doi_chain_cited_by,1,doi_chain:10.1111/ajo.70010,AAGL2023_028
39269255,Managing acute pain with inhaled methoxyflurane in non-cancer patients: a review of the latest evidence,2024,10.1097/spc.0000000000000726,doi_chain_cited_by,1,doi_chain:10.1097/spc.0000000000000726,AAGL2023_028
40183307,Womb for debate: the complexities of early-age hysterectomies,2025,10.1097/gco.0000000000001031,doi_chain_cited_by,1,doi_chain:10.1097/gco.0000000000001031,AAGL2023_044
40408645,Expanding Access to Quality Reproductive Health Care After the Dobbs v. Jackson Women's Health Organization Decision,2025,10.1097/aog.0000000000005927,doi_chain_cited_by,1,doi_chain:10.1097/aog.0000000000005927,AAGL2023_044
40418268,MRI directed US for rectosigmoid endometriosis provides added value for preoperative planning,2025,10.1007/s40477-025-01028-5,doi_chain_cited_by,1,doi_chain:10.1007/s40477-025-01028-5,AAGL2023_051
41831712,From Vision to Precision: A Systematic Review of Intraoperative Navigation Techniques in Endometriosis Surgery,2026,10.1016/j.jmig.2026.03.002,doi_chain_cited_by,1,doi_chain:10.1016/j.jmig.2026.03.002,AAGL2023_071
41819987,Cesarean scar pregnancy as a precursor lesion for placenta accreta spectrum: evidence and implications,2026,10.1080/14767058.2026.2640651,doi_chain_cited_by,1,doi_chain:10.1080/14767058.2026.2640651,AAGL2023_075
41819987,Cesarean scar pregnancy as a precursor lesion for placenta accreta spectrum: evidence and implications,2026,10.1080/14767058.2026.2640651,doi_chain_cited_by,1,doi_chain:10.1080/14767058.2026.2640651,AAGL2023_076
